{
  "dependencies": [
    {
      "version": "1.0.1",
      "assetId": "acme-common-raml-fragements",
      "groupId": "f35db984-79ab-47a8-bc18-b3e3688470c1",
      "provided": false
    },
    {
      "version": "1.0.0",
      "assetId": "acme-account-cdm",
      "groupId": "f35db984-79ab-47a8-bc18-b3e3688470c1",
      "provided": false
    }
  ],
  "version": "1.0.1",
  "descriptorVersion": "1.0.0",
  "classifier": "raml",
  "main": "mobile-accounts-eapi.raml",
  "assetId": "mobile-accounts-eapi",
  "groupId": "f35db984-79ab-47a8-bc18-b3e3688470c1",
  "name": "mobile-accounts-eapi",
  "organizationId": "f35db984-79ab-47a8-bc18-b3e3688470c1",
  "apiVersion": "v1",
  "tags": [],
  "originalFormatVersion": "1.0"
}