{
  "dependencies": [
    {
      "version": "1.0.1",
      "assetId": "acme-common-raml-fragements",
      "groupId": "f35db984-79ab-47a8-bc18-b3e3688470c1",
      "provided": false
    }
  ],
  "version": "1.0.0",
  "descriptorVersion": "1.0.0",
  "classifier": "raml",
  "main": "first-country-lookup-sapi.raml",
  "assetId": "first-country-lookup-sapi",
  "groupId": "f35db984-79ab-47a8-bc18-b3e3688470c1",
  "name": "first-country-lookup-sapi",
  "organizationId": "f35db984-79ab-47a8-bc18-b3e3688470c1",
  "apiVersion": "v1",
  "tags": [],
  "originalFormatVersion": "1.0"
}